"","lat","lon","elevation"
"1",85.8416666673256,-175.841666666329,0
"2",85.8416666673256,-167.508333332988,0
"3",85.8416666673256,-159.174999999647,0
"4",85.8416666673256,-150.841666666306,0
"5",85.8416666673256,-142.508333332965,0
"6",85.8416666673256,-134.174999999624,0
"7",85.8416666673256,-125.841666666283,0
"8",85.8416666673256,-117.508333332942,0
"9",85.8416666673256,-109.174999999601,0
"10",85.8416666673256,-100.84166666626,0
"11",85.8416666673256,-92.508333332919,913
"12",85.8416666673256,-84.174999999578,1697
"13",85.8416666673256,-75.8416666662369,2364
"14",85.8416666673256,-67.5083333328959,1950
"15",85.8416666673256,-59.1749999995548,785
"16",85.8416666673256,-50.8416666662138,994
"17",85.8416666673256,-42.5083333328728,1592
"18",85.8416666673256,-34.1749999995317,1534
"19",85.8416666673256,-25.8416666661907,1245
"20",85.8416666673256,-17.5083333328496,539
"21",85.8416666673256,-9.17499999950857,257
"22",85.8416666673256,-0.841666666167527,0
"23",85.8416666673256,7.49166666717352,0
"24",85.8416666673256,15.8250000005146,0
"25",85.8416666673256,24.1583333338556,0
"26",85.8416666673256,32.4916666671967,0
"27",85.8416666673256,40.8250000005377,0
"28",85.8416666673256,49.1583333338787,0
"29",85.8416666673256,57.4916666672198,445
"30",85.8416666673256,65.8250000005608,197
"31",85.8416666673256,74.1583333339019,0
"32",85.8416666673256,82.491666667243,0
"33",85.8416666673256,90.8250000005839,0
"34",85.8416666673256,99.158333333925,0
"35",85.8416666673256,107.491666667266,0
"36",85.8416666673256,115.825000000607,0
"37",85.8416666673256,124.158333333948,0
"38",85.8416666673256,132.491666667289,0
"39",85.8416666673256,140.82500000063,0
"40",85.8416666673256,149.158333333971,0
"41",85.8416666673256,157.491666667312,0
"42",85.8416666673256,165.825000000653,0
"43",85.8416666673256,174.158333333994,0
"44",85.8416666673256,182.491666667335,0
"45",77.5083333339769,-175.841666666329,0
"46",77.5083333339769,-167.508333332988,0
"47",77.5083333339769,-159.174999999647,0
"48",77.5083333339769,-150.841666666306,0
"49",77.5083333339769,-142.508333332965,0
"50",77.5083333339769,-134.174999999624,0
"51",77.5083333339769,-125.841666666283,355
"52",77.5083333339769,-117.508333332942,754
"53",77.5083333339769,-109.174999999601,538
"54",77.5083333339769,-100.84166666626,375
"55",77.5083333339769,-92.508333332919,2170
"56",77.5083333339769,-84.174999999578,2026
"57",77.5083333339769,-75.8416666662369,2240
"58",77.5083333339769,-67.5083333328959,1793
"59",77.5083333339769,-59.1749999995548,2251
"60",77.5083333339769,-50.8416666662138,2718
"61",77.5083333339769,-42.5083333328728,3115
"62",77.5083333339769,-34.1749999995317,3129
"63",77.5083333339769,-25.8416666661907,2618
"64",77.5083333339769,-17.5083333328496,1387
"65",77.5083333339769,-9.17499999950857,584
"66",77.5083333339769,-0.841666666167527,0
"67",77.5083333339769,7.49166666717352,817
"68",77.5083333339769,15.8250000005146,1461
"69",77.5083333339769,24.1583333338556,725
"70",77.5083333339769,32.4916666671967,262
"71",77.5083333339769,40.8250000005377,72
"72",77.5083333339769,49.1583333338787,533
"73",77.5083333339769,57.4916666672198,1252
"74",77.5083333339769,65.8250000005608,1079
"75",77.5083333339769,74.1583333339019,14
"76",77.5083333339769,82.491666667243,286
"77",77.5083333339769,90.8250000005839,780
"78",77.5083333339769,99.158333333925,964
"79",77.5083333339769,107.491666667266,1104
"80",77.5083333339769,115.825000000607,653
"81",77.5083333339769,124.158333333948,28
"82",77.5083333339769,132.491666667289,187
"83",77.5083333339769,140.82500000063,289
"84",77.5083333339769,149.158333333971,345
"85",77.5083333339769,157.491666667312,1
"86",77.5083333339769,165.825000000653,0
"87",77.5083333339769,174.158333333994,0
"88",77.5083333339769,182.491666667335,0
"89",69.1750000006281,-175.841666666329,1376
"90",69.1750000006281,-167.508333332988,992
"91",69.1750000006281,-159.174999999647,1971
"92",69.1750000006281,-150.841666666306,2213
"93",69.1750000006281,-142.508333332965,2431
"94",69.1750000006281,-134.174999999624,2052
"95",69.1750000006281,-125.841666666283,1855
"96",69.1750000006281,-117.508333332942,853
"97",69.1750000006281,-109.174999999601,640
"98",69.1750000006281,-100.84166666626,344
"99",69.1750000006281,-92.508333332919,596
"100",69.1750000006281,-84.174999999578,1260
"101",69.1750000006281,-75.8416666662369,2064
"102",69.1750000006281,-67.5083333328959,2034
"103",69.1750000006281,-59.1749999995548,1582
"104",69.1750000006281,-50.8416666662138,2668
"105",69.1750000006281,-42.5083333328728,3208
"106",69.1750000006281,-34.1749999995317,3231
"107",69.1750000006281,-25.8416666661907,3233
"108",69.1750000006281,-17.5083333328496,1391
"109",69.1750000006281,-9.17499999950857,1999
"110",69.1750000006281,-0.841666666167527,0
"111",69.1750000006281,7.49166666717352,315
"112",69.1750000006281,15.8250000005146,1821
"113",69.1750000006281,24.1583333338556,1478
"114",69.1750000006281,32.4916666671967,1131
"115",69.1750000006281,40.8250000005377,377
"116",69.1750000006281,49.1583333338787,568
"117",69.1750000006281,57.4916666672198,1669
"118",69.1750000006281,65.8250000005608,1224
"119",69.1750000006281,74.1583333339019,117
"120",69.1750000006281,82.491666667243,393
"121",69.1750000006281,90.8250000005839,1579
"122",69.1750000006281,99.158333333925,1633
"123",69.1750000006281,107.491666667266,1002
"124",69.1750000006281,115.825000000607,753
"125",69.1750000006281,124.158333333948,2141
"126",69.1750000006281,132.491666667289,2067
"127",69.1750000006281,140.82500000063,2371
"128",69.1750000006281,149.158333333971,2696
"129",69.1750000006281,157.491666667312,1529
"130",69.1750000006281,165.825000000653,1635
"131",69.1750000006281,174.158333333994,1657
"132",69.1750000006281,182.491666667335,1588
"133",60.8416666672793,-175.841666666329,1031
"134",60.8416666672793,-167.508333332988,1145
"135",60.8416666672793,-159.174999999647,2211
"136",60.8416666672793,-150.841666666306,5658
"137",60.8416666672793,-142.508333332965,5738
"138",60.8416666672793,-134.174999999624,3942
"139",60.8416666672793,-125.841666666283,2654
"140",60.8416666672793,-117.508333332942,1099
"141",60.8416666672793,-109.174999999601,849
"142",60.8416666672793,-100.84166666626,593
"143",60.8416666672793,-92.508333332919,373
"144",60.8416666672793,-84.174999999578,625
"145",60.8416666672793,-75.8416666662369,671
"146",60.8416666672793,-67.5083333328959,1423
"147",60.8416666672793,-59.1749999995548,1166
"148",60.8416666672793,-50.8416666662138,2594
"149",60.8416666672793,-42.5083333328728,2873
"150",60.8416666672793,-34.1749999995317,0
"151",60.8416666672793,-25.8416666661907,1292
"152",60.8416666672793,-17.5083333328496,2004
"153",60.8416666672793,-9.17499999950857,1081
"154",60.8416666672793,-0.841666666167527,1195
"155",60.8416666672793,7.49166666717352,2225
"156",60.8416666672793,15.8250000005146,1525
"157",60.8416666672793,24.1583333338556,359
"158",60.8416666672793,32.4916666671967,396
"159",60.8416666672793,40.8250000005377,338
"160",60.8416666672793,49.1583333338787,460
"161",60.8416666672793,57.4916666672198,1592
"162",60.8416666672793,65.8250000005608,573
"163",60.8416666672793,74.1583333339019,173
"164",60.8416666672793,82.491666667243,264
"165",60.8416666672793,90.8250000005839,956
"166",60.8416666672793,99.158333333925,911
"167",60.8416666672793,107.491666667266,1665
"168",60.8416666672793,115.825000000607,2655
"169",60.8416666672793,124.158333333948,2031
"170",60.8416666672793,132.491666667289,2029
"171",60.8416666672793,140.82500000063,2764
"172",60.8416666672793,149.158333333971,2378
"173",60.8416666672793,157.491666667312,2339
"174",60.8416666672793,165.825000000653,1557
"175",60.8416666672793,174.158333333994,2159
"176",60.8416666672793,182.491666667335,790
"177",52.5083333339306,-175.841666666329,1440
"178",52.5083333339306,-167.508333332988,2321
"179",52.5083333339306,-159.174999999647,2202
"180",52.5083333339306,-150.841666666306,331
"181",52.5083333339306,-142.508333332965,0
"182",52.5083333339306,-134.174999999624,2272
"183",52.5083333339306,-125.841666666283,3243
"184",52.5083333339306,-117.508333332942,3333
"185",52.5083333339306,-109.174999999601,2227
"186",52.5083333339306,-100.84166666626,823
"187",52.5083333339306,-92.508333332919,623
"188",52.5083333339306,-84.174999999578,567
"189",52.5083333339306,-75.8416666662369,854
"190",52.5083333339306,-67.5083333328959,1153
"191",52.5083333339306,-59.1749999995548,1102
"192",52.5083333339306,-50.8416666662138,316
"193",52.5083333339306,-42.5083333328728,0
"194",52.5083333339306,-34.1749999995317,0
"195",52.5083333339306,-25.8416666661907,0
"196",52.5083333339306,-17.5083333328496,0
"197",52.5083333339306,-9.17499999950857,834
"198",52.5083333339306,-0.841666666167527,957
"199",52.5083333339306,7.49166666717352,1057
"200",52.5083333339306,15.8250000005146,1894
"201",52.5083333339306,24.1583333338556,2252
"202",52.5083333339306,32.4916666671967,336
"203",52.5083333339306,40.8250000005377,331
"204",52.5083333339306,49.1583333338787,368
"205",52.5083333339306,57.4916666672198,1435
"206",52.5083333339306,65.8250000005608,951
"207",52.5083333339306,74.1583333339019,1389
"208",52.5083333339306,82.491666667243,4087
"209",52.5083333339306,90.8250000005839,4053
"210",52.5083333339306,99.158333333925,3189
"211",52.5083333339306,107.491666667266,2535
"212",52.5083333339306,115.825000000607,2394
"213",52.5083333339306,124.158333333948,1914
"214",52.5083333339306,132.491666667289,2109
"215",52.5083333339306,140.82500000063,1836
"216",52.5083333339306,149.158333333971,0
"217",52.5083333339306,157.491666667312,4218
"218",52.5083333339306,165.825000000653,1158
"219",52.5083333339306,174.158333333994,977
"220",52.5083333339306,182.491666667335,935
"221",44.1750000005818,-175.841666666329,0
"222",44.1750000005818,-167.508333332988,0
"223",44.1750000005818,-159.174999999647,0
"224",44.1750000005818,-150.841666666306,0
"225",44.1750000005818,-142.508333332965,0
"226",44.1750000005818,-134.174999999624,0
"227",44.1750000005818,-125.841666666283,4161
"228",44.1750000005818,-117.508333332942,3461
"229",44.1750000005818,-109.174999999601,3945
"230",44.1750000005818,-100.84166666626,2149
"231",44.1750000005818,-92.508333332919,655
"232",44.1750000005818,-84.174999999578,637
"233",44.1750000005818,-75.8416666662369,1378
"234",44.1750000005818,-67.5083333328959,1667
"235",44.1750000005818,-59.1749999995548,625
"236",44.1750000005818,-50.8416666662138,328
"237",44.1750000005818,-42.5083333328728,0
"238",44.1750000005818,-34.1749999995317,0
"239",44.1750000005818,-25.8416666661907,0
"240",44.1750000005818,-17.5083333328496,0
"241",44.1750000005818,-9.17499999950857,2337
"242",44.1750000005818,-0.841666666167527,3044
"243",44.1750000005818,7.49166666717352,4452
"244",44.1750000005818,15.8250000005146,3327
"245",44.1750000005818,24.1583333338556,2656
"246",44.1750000005818,32.4916666671967,2365
"247",44.1750000005818,40.8250000005377,5381
"248",44.1750000005818,49.1583333338787,4115
"249",44.1750000005818,57.4916666672198,508
"250",44.1750000005818,65.8250000005608,3036
"251",44.1750000005818,74.1583333339019,5208
"252",44.1750000005818,82.491666667243,6944
"253",44.1750000005818,90.8250000005839,4496
"254",44.1750000005818,99.158333333925,3805
"255",44.1750000005818,107.491666667266,2664
"256",44.1750000005818,115.825000000607,2150
"257",44.1750000005818,124.158333333948,2472
"258",44.1750000005818,132.491666667289,2274
"259",44.1750000005818,140.82500000063,2087
"260",44.1750000005818,149.158333333971,1511
"261",44.1750000005818,157.491666667312,0
"262",44.1750000005818,165.825000000653,31
"263",44.1750000005818,174.158333333994,24
"264",44.1750000005818,182.491666667335,0
"265",35.841666667233,-175.841666666329,9
"266",35.841666667233,-167.508333332988,0
"267",35.841666667233,-159.174999999647,0
"268",35.841666667233,-150.841666666306,0
"269",35.841666667233,-142.508333332965,0
"270",35.841666667233,-134.174999999624,0
"271",35.841666667233,-125.841666666283,2120
"272",35.841666667233,-117.508333332942,4015
"273",35.841666667233,-109.174999999601,4096
"274",35.841666667233,-100.84166666626,3627
"275",35.841666667233,-92.508333332919,745
"276",35.841666667233,-84.174999999578,1852
"277",35.841666667233,-75.8416666662369,1413
"278",35.841666667233,-67.5083333328959,166
"279",35.841666667233,-59.1749999995548,0
"280",35.841666667233,-50.8416666662138,1
"281",35.841666667233,-42.5083333328728,0
"282",35.841666667233,-34.1749999995317,791
"283",35.841666667233,-25.8416666661907,2009
"284",35.841666667233,-17.5083333328496,1689
"285",35.841666667233,-9.17499999950857,3370
"286",35.841666667233,-0.841666666167527,3541
"287",35.841666667233,7.49166666717352,2187
"288",35.841666667233,15.8250000005146,3090
"289",35.841666667233,24.1583333338556,2246
"290",35.841666667233,32.4916666671967,3505
"291",35.841666667233,40.8250000005377,4790
"292",35.841666667233,49.1583333338787,5149
"293",35.841666667233,57.4916666672198,3714
"294",35.841666667233,65.8250000005608,4872
"295",35.841666667233,74.1583333339019,7966
"296",35.841666667233,82.491666667243,6688
"297",35.841666667233,90.8250000005839,6434
"298",35.841666667233,99.158333333925,6010
"299",35.841666667233,107.491666667266,4962
"300",35.841666667233,115.825000000607,2848
"301",35.841666667233,124.158333333948,1716
"302",35.841666667233,132.491666667289,1683
"303",35.841666667233,140.82500000063,3481
"304",35.841666667233,149.158333333971,0
"305",35.841666667233,157.491666667312,0
"306",35.841666667233,165.825000000653,0
"307",35.841666667233,174.158333333994,0
"308",35.841666667233,182.491666667335,0
"309",27.5083333338843,-175.841666666329,49
"310",27.5083333338843,-167.508333332988,71
"311",27.5083333338843,-159.174999999647,0
"312",27.5083333338843,-150.841666666306,0
"313",27.5083333338843,-142.508333332965,0
"314",27.5083333338843,-134.174999999624,0
"315",27.5083333338843,-125.841666666283,0
"316",27.5083333338843,-117.508333332942,2744
"317",27.5083333338843,-109.174999999601,3157
"318",27.5083333338843,-100.84166666626,3521
"319",27.5083333338843,-92.508333332919,184
"320",27.5083333338843,-84.174999999578,162
"321",27.5083333338843,-75.8416666662369,205
"322",27.5083333338843,-67.5083333328959,0
"323",27.5083333338843,-59.1749999995548,0
"324",27.5083333338843,-50.8416666662138,0
"325",27.5083333338843,-42.5083333328728,0
"326",27.5083333338843,-34.1749999995317,0
"327",27.5083333338843,-25.8416666661907,0
"328",27.5083333338843,-17.5083333328496,3235
"329",27.5083333338843,-9.17499999950857,3785
"330",27.5083333338843,-0.841666666167527,1400
"331",27.5083333338843,7.49166666717352,2257
"332",27.5083333338843,15.8250000005146,1154
"333",27.5083333338843,24.1583333338556,1078
"334",27.5083333338843,32.4916666671967,2373
"335",27.5083333338843,40.8250000005377,2044
"336",27.5083333338843,49.1583333338787,4124
"337",27.5083333338843,57.4916666672198,4127
"338",27.5083333338843,65.8250000005608,3379
"339",27.5083333338843,74.1583333339019,5342
"340",27.5083333338843,82.491666667243,7348
"341",27.5083333338843,90.8250000005839,8271
"342",27.5083333338843,99.158333333925,6854
"343",27.5083333338843,107.491666667266,4880
"344",27.5083333338843,115.825000000607,1992
"345",27.5083333338843,124.158333333948,3577
"346",27.5083333338843,132.491666667289,1694
"347",27.5083333338843,140.82500000063,331
"348",27.5083333338843,149.158333333971,0
"349",27.5083333338843,157.491666667312,1
"350",27.5083333338843,165.825000000653,62
"351",27.5083333338843,174.158333333994,0
"352",27.5083333338843,182.491666667335,0
"353",19.1750000005355,-175.841666666329,0
"354",19.1750000005355,-167.508333332988,82
"355",19.1750000005355,-159.174999999647,4079
"356",19.1750000005355,-150.841666666306,466
"357",19.1750000005355,-142.508333332965,0
"358",19.1750000005355,-134.174999999624,0
"359",19.1750000005355,-125.841666666283,0
"360",19.1750000005355,-117.508333332942,118
"361",19.1750000005355,-109.174999999601,2391
"362",19.1750000005355,-100.84166666626,5209
"363",19.1750000005355,-92.508333332919,3739
"364",19.1750000005355,-84.174999999578,2172
"365",19.1750000005355,-75.8416666662369,2409
"366",19.1750000005355,-67.5083333328959,2846
"367",19.1750000005355,-59.1749999995548,1229
"368",19.1750000005355,-50.8416666662138,0
"369",19.1750000005355,-42.5083333328728,0
"370",19.1750000005355,-34.1749999995317,0
"371",19.1750000005355,-25.8416666661907,1695
"372",19.1750000005355,-17.5083333328496,468
"373",19.1750000005355,-9.17499999950857,789
"374",19.1750000005355,-0.841666666167527,995
"375",19.1750000005355,7.49166666717352,2622
"376",19.1750000005355,15.8250000005146,3219
"377",19.1750000005355,24.1583333338556,1847
"378",19.1750000005355,32.4916666671967,1886
"379",19.1750000005355,40.8250000005377,3447
"380",19.1750000005355,49.1583333338787,2331
"381",19.1750000005355,57.4916666672198,2760
"382",19.1750000005355,65.8250000005608,407
"383",19.1750000005355,74.1583333339019,1359
"384",19.1750000005355,82.491666667243,1433
"385",19.1750000005355,90.8250000005839,2859
"386",19.1750000005355,99.158333333925,2704
"387",19.1750000005355,107.491666667266,2684
"388",19.1750000005355,115.825000000607,1062
"389",19.1750000005355,124.158333333948,3335
"390",19.1750000005355,132.491666667289,1
"391",19.1750000005355,140.82500000063,50
"392",19.1750000005355,149.158333333971,722
"393",19.1750000005355,157.491666667312,0
"394",19.1750000005355,165.825000000653,104
"395",19.1750000005355,174.158333333994,0
"396",19.1750000005355,182.491666667335,0
"397",10.8416666671867,-175.841666666329,0
"398",10.8416666671867,-167.508333332988,4
"399",10.8416666671867,-159.174999999647,0
"400",10.8416666671867,-150.841666666306,0
"401",10.8416666671867,-142.508333332965,0
"402",10.8416666671867,-134.174999999624,0
"403",10.8416666671867,-125.841666666283,0
"404",10.8416666671867,-117.508333332942,85
"405",10.8416666671867,-109.174999999601,73
"406",10.8416666671867,-100.84166666626,0
"407",10.8416666671867,-92.508333332919,3386
"408",10.8416666671867,-84.174999999578,3601
"409",10.8416666671867,-75.8416666662369,5293
"410",10.8416666671867,-67.5083333328959,4541
"411",10.8416666671867,-59.1749999995548,1256
"412",10.8416666671867,-50.8416666662138,0
"413",10.8416666671867,-42.5083333328728,0
"414",10.8416666671867,-34.1749999995317,0
"415",10.8416666671867,-25.8416666661907,2263
"416",10.8416666671867,-17.5083333328496,617
"417",10.8416666671867,-9.17499999950857,1590
"418",10.8416666671867,-0.841666666167527,915
"419",10.8416666671867,7.49166666717352,1821
"420",10.8416666671867,15.8250000005146,2276
"421",10.8416666671867,24.1583333338556,2868
"422",10.8416666671867,32.4916666671967,3246
"423",10.8416666671867,40.8250000005377,4326
"424",10.8416666671867,49.1583333338787,2347
"425",10.8416666671867,57.4916666672198,1376
"426",10.8416666671867,65.8250000005608,0
"427",10.8416666671867,74.1583333339019,2506
"428",10.8416666671867,82.491666667243,2340
"429",10.8416666671867,90.8250000005839,517
"430",10.8416666671867,99.158333333925,1654
"431",10.8416666671867,107.491666667266,2206
"432",10.8416666671867,115.825000000607,1736
"433",10.8416666671867,124.158333333948,2552
"434",10.8416666671867,132.491666667289,154
"435",10.8416666671867,140.82500000063,252
"436",10.8416666671867,149.158333333971,422
"437",10.8416666671867,157.491666667312,605
"438",10.8416666671867,165.825000000653,118
"439",10.8416666671867,174.158333333994,156
"440",10.8416666671867,182.491666667335,0
"441",2.50833333383798,-175.841666666329,51
"442",2.50833333383798,-167.508333332988,0
"443",2.50833333383798,-159.174999999647,216
"444",2.50833333383798,-150.841666666306,0
"445",2.50833333383798,-142.508333332965,0
"446",2.50833333383798,-134.174999999624,0
"447",2.50833333383798,-125.841666666283,0
"448",2.50833333383798,-117.508333332942,0
"449",2.50833333383798,-109.174999999601,0
"450",2.50833333383798,-100.84166666626,0
"451",2.50833333383798,-92.508333332919,1581
"452",2.50833333383798,-84.174999999578,671
"453",2.50833333383798,-75.8416666662369,5957
"454",2.50833333383798,-67.5083333328959,2725
"455",2.50833333383798,-59.1749999995548,2612
"456",2.50833333383798,-50.8416666662138,812
"457",2.50833333383798,-42.5083333328728,105
"458",2.50833333383798,-34.1749999995317,45
"459",2.50833333383798,-25.8416666661907,0
"460",2.50833333383798,-17.5083333328496,0
"461",2.50833333383798,-9.17499999950857,475
"462",2.50833333383798,-0.841666666167527,797
"463",2.50833333383798,7.49166666717352,3703
"464",2.50833333383798,15.8250000005146,1354
"465",2.50833333383798,24.1583333338556,1602
"466",2.50833333383798,32.4916666671967,4503
"467",2.50833333383798,40.8250000005377,4621
"468",2.50833333383798,49.1583333338787,620
"469",2.50833333383798,57.4916666672198,25
"470",2.50833333383798,65.8250000005608,0
"471",2.50833333383798,74.1583333339019,113
"472",2.50833333383798,82.491666667243,1254
"473",2.50833333383798,90.8250000005839,0
"474",2.50833333383798,99.158333333925,3206
"475",2.50833333383798,107.491666667266,1439
"476",2.50833333383798,115.825000000607,3816
"477",2.50833333383798,124.158333333948,2518
"478",2.50833333383798,132.491666667289,2676
"479",2.50833333383798,140.82500000063,156
"480",2.50833333383798,149.158333333971,472
"481",2.50833333383798,157.491666667312,78
"482",2.50833333383798,165.825000000653,288
"483",2.50833333383798,174.158333333994,200
"484",2.50833333383798,182.491666667335,0
"485",-5.82499999951078,-175.841666666329,77
"486",-5.82499999951078,-167.508333332988,84
"487",-5.82499999951078,-159.174999999647,93
"488",-5.82499999951078,-150.841666666306,6
"489",-5.82499999951078,-142.508333332965,1010
"490",-5.82499999951078,-134.174999999624,0
"491",-5.82499999951078,-125.841666666283,0
"492",-5.82499999951078,-117.508333332942,0
"493",-5.82499999951078,-109.174999999601,0
"494",-5.82499999951078,-100.84166666626,0
"495",-5.82499999951078,-92.508333332919,0
"496",-5.82499999951078,-84.174999999578,1851
"497",-5.82499999951078,-75.8416666662369,6015
"498",-5.82499999951078,-67.5083333328959,363
"499",-5.82499999951078,-59.1749999995548,691
"500",-5.82499999951078,-50.8416666662138,778
"501",-5.82499999951078,-42.5083333328728,1007
"502",-5.82499999951078,-34.1749999995317,1114
"503",-5.82499999951078,-25.8416666661907,0
"504",-5.82499999951078,-17.5083333328496,558
"505",-5.82499999951078,-9.17499999950857,0
"506",-5.82499999951078,-0.841666666167527,104
"507",-5.82499999951078,7.49166666717352,847
"508",-5.82499999951078,15.8250000005146,1530
"509",-5.82499999951078,24.1583333338556,1901
"510",-5.82499999951078,32.4916666671967,3477
"511",-5.82499999951078,40.8250000005377,5677
"512",-5.82499999951078,49.1583333338787,62
"513",-5.82499999951078,57.4916666672198,542
"514",-5.82499999951078,65.8250000005608,16
"515",-5.82499999951078,74.1583333339019,78
"516",-5.82499999951078,82.491666667243,0
"517",-5.82499999951078,90.8250000005839,0
"518",-5.82499999951078,99.158333333925,3403
"519",-5.82499999951078,107.491666667266,3002
"520",-5.82499999951078,115.825000000607,3180
"521",-5.82499999951078,124.158333333948,3111
"522",-5.82499999951078,132.491666667289,3557
"523",-5.82499999951078,140.82500000063,4504
"524",-5.82499999951078,149.158333333971,4244
"525",-5.82499999951078,157.491666667312,2512
"526",-5.82499999951078,165.825000000653,313
"527",-5.82499999951078,174.158333333994,173
"528",-5.82499999951078,182.491666667335,184
"529",-14.1583333328595,-175.841666666329,1772
"530",-14.1583333328595,-167.508333332988,803
"531",-14.1583333328595,-159.174999999647,120
"532",-14.1583333328595,-150.841666666306,1263
"533",-14.1583333328595,-142.508333332965,682
"534",-14.1583333328595,-134.174999999624,54
"535",-14.1583333328595,-125.841666666283,0
"536",-14.1583333328595,-117.508333332942,0
"537",-14.1583333328595,-109.174999999601,0
"538",-14.1583333328595,-100.84166666626,0
"539",-14.1583333328595,-92.508333332919,0
"540",-14.1583333328595,-84.174999999578,0
"541",-14.1583333328595,-75.8416666662369,6151
"542",-14.1583333328595,-67.5083333328959,5956
"543",-14.1583333328595,-59.1749999995548,1054
"544",-14.1583333328595,-50.8416666662138,1568
"545",-14.1583333328595,-42.5083333328728,1767
"546",-14.1583333328595,-34.1749999995317,560
"547",-14.1583333328595,-25.8416666661907,0
"548",-14.1583333328595,-17.5083333328496,0
"549",-14.1583333328595,-9.17499999950857,625
"550",-14.1583333328595,-0.841666666167527,95
"551",-14.1583333328595,7.49166666717352,0
"552",-14.1583333328595,15.8250000005146,2416
"553",-14.1583333328595,24.1583333338556,1735
"554",-14.1583333328595,32.4916666671967,2705
"555",-14.1583333328595,40.8250000005377,2264
"556",-14.1583333328595,49.1583333338787,2663
"557",-14.1583333328595,57.4916666672198,40
"558",-14.1583333328595,65.8250000005608,1
"559",-14.1583333328595,74.1583333339019,0
"560",-14.1583333328595,82.491666667243,0
"561",-14.1583333328595,90.8250000005839,0
"562",-14.1583333328595,99.158333333925,71
"563",-14.1583333328595,107.491666667266,292
"564",-14.1583333328595,115.825000000607,165
"565",-14.1583333328595,124.158333333948,1099
"566",-14.1583333328595,132.491666667289,633
"567",-14.1583333328595,140.82500000063,1227
"568",-14.1583333328595,149.158333333971,2474
"569",-14.1583333328595,157.491666667312,580
"570",-14.1583333328595,165.825000000653,1456
"571",-14.1583333328595,174.158333333994,1128
"572",-14.1583333328595,182.491666667335,981
"573",-22.4916666662083,-175.841666666329,645
"574",-22.4916666662083,-167.508333332988,336
"575",-22.4916666662083,-159.174999999647,291
"576",-22.4916666662083,-150.841666666306,200
"577",-22.4916666662083,-142.508333332965,126
"578",-22.4916666662083,-134.174999999624,133
"579",-22.4916666662083,-125.841666666283,79
"580",-22.4916666662083,-117.508333332942,0
"581",-22.4916666662083,-109.174999999601,19
"582",-22.4916666662083,-100.84166666626,68
"583",-22.4916666662083,-92.508333332919,67
"584",-22.4916666662083,-84.174999999578,52
"585",-22.4916666662083,-75.8416666662369,244
"586",-22.4916666662083,-67.5083333328959,6313
"587",-22.4916666662083,-59.1749999995548,1550
"588",-22.4916666662083,-50.8416666662138,1541
"589",-22.4916666662083,-42.5083333328728,2608
"590",-22.4916666662083,-34.1749999995317,14
"591",-22.4916666662083,-25.8416666661907,228
"592",-22.4916666662083,-17.5083333328496,0
"593",-22.4916666662083,-9.17499999950857,0
"594",-22.4916666662083,-0.841666666167527,0
"595",-22.4916666662083,7.49166666717352,0
"596",-22.4916666662083,15.8250000005146,2367
"597",-22.4916666662083,24.1583333338556,1940
"598",-22.4916666662083,32.4916666671967,2250
"599",-22.4916666662083,40.8250000005377,1259
"600",-22.4916666662083,49.1583333338787,2512
"601",-22.4916666662083,57.4916666672198,2805
"602",-22.4916666662083,65.8250000005608,294
"603",-22.4916666662083,74.1583333339019,0
"604",-22.4916666662083,82.491666667243,0
"605",-22.4916666662083,90.8250000005839,0
"606",-22.4916666662083,99.158333333925,0
"607",-22.4916666662083,107.491666667266,0
"608",-22.4916666662083,115.825000000607,1088
"609",-22.4916666662083,124.158333333948,775
"610",-22.4916666662083,132.491666667289,1260
"611",-22.4916666662083,140.82500000063,1062
"612",-22.4916666662083,149.158333333971,1187
"613",-22.4916666662083,157.491666667312,151
"614",-22.4916666662083,165.825000000653,1358
"615",-22.4916666662083,174.158333333994,582
"616",-22.4916666662083,182.491666667335,418
"617",-30.8249999995571,-175.841666666329,307
"618",-30.8249999995571,-167.508333332988,0
"619",-30.8249999995571,-159.174999999647,0
"620",-30.8249999995571,-150.841666666306,0
"621",-30.8249999995571,-142.508333332965,143
"622",-30.8249999995571,-134.174999999624,0
"623",-30.8249999995571,-125.841666666283,0
"624",-30.8249999995571,-117.508333332942,111
"625",-30.8249999995571,-109.174999999601,415
"626",-30.8249999995571,-100.84166666626,63
"627",-30.8249999995571,-92.508333332919,0
"628",-30.8249999995571,-84.174999999578,1236
"629",-30.8249999995571,-75.8416666662369,570
"630",-30.8249999995571,-67.5083333328959,6560
"631",-30.8249999995571,-59.1749999995548,450
"632",-30.8249999995571,-50.8416666662138,1680
"633",-30.8249999995571,-42.5083333328728,0
"634",-30.8249999995571,-34.1749999995317,0
"635",-30.8249999995571,-25.8416666661907,0
"636",-30.8249999995571,-17.5083333328496,0
"637",-30.8249999995571,-9.17499999950857,0
"638",-30.8249999995571,-0.841666666167527,0
"639",-30.8249999995571,7.49166666717352,0
"640",-30.8249999995571,15.8250000005146,2048
"641",-30.8249999995571,24.1583333338556,3001
"642",-30.8249999995571,32.4916666671967,3376
"643",-30.8249999995571,40.8250000005377,0
"644",-30.8249999995571,49.1583333338787,16
"645",-30.8249999995571,57.4916666672198,0
"646",-30.8249999995571,65.8250000005608,0
"647",-30.8249999995571,74.1583333339019,0
"648",-30.8249999995571,82.491666667243,0
"649",-30.8249999995571,90.8250000005839,82
"650",-30.8249999995571,99.158333333925,0
"651",-30.8249999995571,107.491666667266,0
"652",-30.8249999995571,115.825000000607,806
"653",-30.8249999995571,124.158333333948,616
"654",-30.8249999995571,132.491666667289,690
"655",-30.8249999995571,140.82500000063,921
"656",-30.8249999995571,149.158333333971,1533
"657",-30.8249999995571,157.491666667312,666
"658",-30.8249999995571,165.825000000653,166
"659",-30.8249999995571,174.158333333994,202
"660",-30.8249999995571,182.491666667335,18
"661",-39.1583333329058,-175.841666666329,20
"662",-39.1583333329058,-167.508333332988,28
"663",-39.1583333329058,-159.174999999647,0
"664",-39.1583333329058,-150.841666666306,0
"665",-39.1583333329058,-142.508333332965,0
"666",-39.1583333329058,-134.174999999624,0
"667",-39.1583333329058,-125.841666666283,17
"668",-39.1583333329058,-117.508333332942,0
"669",-39.1583333329058,-109.174999999601,0
"670",-39.1583333329058,-100.84166666626,0
"671",-39.1583333329058,-92.508333332919,0
"672",-39.1583333329058,-84.174999999578,0
"673",-39.1583333329058,-75.8416666662369,2940
"674",-39.1583333329058,-67.5083333328959,4440
"675",-39.1583333329058,-59.1749999995548,929
"676",-39.1583333329058,-50.8416666662138,0
"677",-39.1583333329058,-42.5083333328728,0
"678",-39.1583333329058,-34.1749999995317,0
"679",-39.1583333329058,-25.8416666661907,0
"680",-39.1583333329058,-17.5083333328496,0
"681",-39.1583333329058,-9.17499999950857,1651
"682",-39.1583333329058,-0.841666666167527,40
"683",-39.1583333329058,7.49166666717352,0
"684",-39.1583333329058,15.8250000005146,0
"685",-39.1583333329058,24.1583333338556,2
"686",-39.1583333329058,32.4916666671967,0
"687",-39.1583333329058,40.8250000005377,48
"688",-39.1583333329058,49.1583333338787,0
"689",-39.1583333329058,57.4916666672198,0
"690",-39.1583333329058,65.8250000005608,0
"691",-39.1583333329058,74.1583333339019,731
"692",-39.1583333329058,82.491666667243,0
"693",-39.1583333329058,90.8250000005839,0
"694",-39.1583333329058,99.158333333925,0
"695",-39.1583333329058,107.491666667266,0
"696",-39.1583333329058,115.825000000607,195
"697",-39.1583333329058,124.158333333948,0
"698",-39.1583333329058,132.491666667289,198
"699",-39.1583333329058,140.82500000063,1074
"700",-39.1583333329058,149.158333333971,2105
"701",-39.1583333329058,157.491666667312,0
"702",-39.1583333329058,165.825000000653,0
"703",-39.1583333329058,174.158333333994,2540
"704",-39.1583333329058,182.491666667335,357
"705",-47.4916666662546,-175.841666666329,262
"706",-47.4916666662546,-167.508333332988,0
"707",-47.4916666662546,-159.174999999647,0
"708",-47.4916666662546,-150.841666666306,0
"709",-47.4916666662546,-142.508333332965,0
"710",-47.4916666662546,-134.174999999624,0
"711",-47.4916666662546,-125.841666666283,0
"712",-47.4916666662546,-117.508333332942,55
"713",-47.4916666662546,-109.174999999601,0
"714",-47.4916666662546,-100.84166666626,0
"715",-47.4916666662546,-92.508333332919,30
"716",-47.4916666662546,-84.174999999578,0
"717",-47.4916666662546,-75.8416666662369,3403
"718",-47.4916666662546,-67.5083333328959,2356
"719",-47.4916666662546,-59.1749999995548,599
"720",-47.4916666662546,-50.8416666662138,0
"721",-47.4916666662546,-42.5083333328728,0
"722",-47.4916666662546,-34.1749999995317,0
"723",-47.4916666662546,-25.8416666661907,0
"724",-47.4916666662546,-17.5083333328496,0
"725",-47.4916666662546,-9.17499999950857,105
"726",-47.4916666662546,-0.841666666167527,13
"727",-47.4916666662546,7.49166666717352,69
"728",-47.4916666662546,15.8250000005146,0
"729",-47.4916666662546,24.1583333338556,0
"730",-47.4916666662546,32.4916666671967,3
"731",-47.4916666662546,40.8250000005377,1097
"732",-47.4916666662546,49.1583333338787,800
"733",-47.4916666662546,57.4916666672198,27
"734",-47.4916666662546,65.8250000005608,1182
"735",-47.4916666662546,74.1583333339019,733
"736",-47.4916666662546,82.491666667243,0
"737",-47.4916666662546,90.8250000005839,0
"738",-47.4916666662546,99.158333333925,0
"739",-47.4916666662546,107.491666667266,0
"740",-47.4916666662546,115.825000000607,0
"741",-47.4916666662546,124.158333333948,0
"742",-47.4916666662546,132.491666667289,0
"743",-47.4916666662546,140.82500000063,0
"744",-47.4916666662546,149.158333333971,965
"745",-47.4916666662546,157.491666667312,0
"746",-47.4916666662546,165.825000000653,2339
"747",-47.4916666662546,174.158333333994,2786
"748",-47.4916666662546,182.491666667335,218
"749",-55.8249999996033,-175.841666666329,0
"750",-55.8249999996033,-167.508333332988,0
"751",-55.8249999996033,-159.174999999647,0
"752",-55.8249999996033,-150.841666666306,0
"753",-55.8249999996033,-142.508333332965,0
"754",-55.8249999996033,-134.174999999624,0
"755",-55.8249999996033,-125.841666666283,0
"756",-55.8249999996033,-117.508333332942,0
"757",-55.8249999996033,-109.174999999601,0
"758",-55.8249999996033,-100.84166666626,0
"759",-55.8249999996033,-92.508333332919,0
"760",-55.8249999996033,-84.174999999578,0
"761",-55.8249999996033,-75.8416666662369,1510
"762",-55.8249999996033,-67.5083333328959,2356
"763",-55.8249999996033,-59.1749999995548,571
"764",-55.8249999996033,-50.8416666662138,0
"765",-55.8249999996033,-42.5083333328728,0
"766",-55.8249999996033,-34.1749999995317,2565
"767",-55.8249999996033,-25.8416666661907,262
"768",-55.8249999996033,-17.5083333328496,0
"769",-55.8249999996033,-9.17499999950857,0
"770",-55.8249999996033,-0.841666666167527,567
"771",-55.8249999996033,7.49166666717352,558
"772",-55.8249999996033,15.8250000005146,0
"773",-55.8249999996033,24.1583333338556,0
"774",-55.8249999996033,32.4916666671967,0
"775",-55.8249999996033,40.8250000005377,0
"776",-55.8249999996033,49.1583333338787,0
"777",-55.8249999996033,57.4916666672198,0
"778",-55.8249999996033,65.8250000005608,0
"779",-55.8249999996033,74.1583333339019,2433
"780",-55.8249999996033,82.491666667243,0
"781",-55.8249999996033,90.8250000005839,0
"782",-55.8249999996033,99.158333333925,21
"783",-55.8249999996033,107.491666667266,0
"784",-55.8249999996033,115.825000000607,0
"785",-55.8249999996033,124.158333333948,0
"786",-55.8249999996033,132.491666667289,0
"787",-55.8249999996033,140.82500000063,0
"788",-55.8249999996033,149.158333333971,9
"789",-55.8249999996033,157.491666667312,314
"790",-55.8249999996033,165.825000000653,324
"791",-55.8249999996033,174.158333333994,0
"792",-55.8249999996033,182.491666667335,0
"793",-64.1583333329521,-175.841666666329,0
"794",-64.1583333329521,-167.508333332988,0
"795",-64.1583333329521,-159.174999999647,0
"796",-64.1583333329521,-150.841666666306,0
"797",-64.1583333329521,-142.508333332965,0
"798",-64.1583333329521,-134.174999999624,0
"799",-64.1583333329521,-125.841666666283,0
"800",-64.1583333329521,-117.508333332942,0
"801",-64.1583333329521,-109.174999999601,0
"802",-64.1583333329521,-100.84166666626,0
"803",-64.1583333329521,-92.508333332919,34
"804",-64.1583333329521,-84.174999999578,0
"805",-64.1583333329521,-75.8416666662369,39
"806",-64.1583333329521,-67.5083333328959,2646
"807",-64.1583333329521,-59.1749999995548,2595
"808",-64.1583333329521,-50.8416666662138,1649
"809",-64.1583333329521,-42.5083333328728,825
"810",-64.1583333329521,-34.1749999995317,0
"811",-64.1583333329521,-25.8416666661907,0
"812",-64.1583333329521,-17.5083333328496,0
"813",-64.1583333329521,-9.17499999950857,0
"814",-64.1583333329521,-0.841666666167527,0
"815",-64.1583333329521,7.49166666717352,0
"816",-64.1583333329521,15.8250000005146,0
"817",-64.1583333329521,24.1583333338556,0
"818",-64.1583333329521,32.4916666671967,0
"819",-64.1583333329521,40.8250000005377,1297
"820",-64.1583333329521,49.1583333338787,2203
"821",-64.1583333329521,57.4916666672198,2289
"822",-64.1583333329521,65.8250000005608,1561
"823",-64.1583333329521,74.1583333339019,0
"824",-64.1583333329521,82.491666667243,1707
"825",-64.1583333329521,90.8250000005839,2071
"826",-64.1583333329521,99.158333333925,2302
"827",-64.1583333329521,107.491666667266,2280
"828",-64.1583333329521,115.825000000607,1614
"829",-64.1583333329521,124.158333333948,1939
"830",-64.1583333329521,132.491666667289,2320
"831",-64.1583333329521,140.82500000063,2311
"832",-64.1583333329521,149.158333333971,940
"833",-64.1583333329521,157.491666667312,0
"834",-64.1583333329521,165.825000000653,1366
"835",-64.1583333329521,174.158333333994,0
"836",-64.1583333329521,182.491666667335,0
"837",-72.4916666663009,-175.841666666329,23
"838",-72.4916666663009,-167.508333332988,0
"839",-72.4916666663009,-159.174999999647,0
"840",-72.4916666663009,-150.841666666306,547
"841",-72.4916666663009,-142.508333332965,1864
"842",-72.4916666663009,-134.174999999624,3141
"843",-72.4916666663009,-125.841666666283,3192
"844",-72.4916666663009,-117.508333332942,3322
"845",-72.4916666663009,-109.174999999601,3397
"846",-72.4916666663009,-100.84166666626,1270
"847",-72.4916666663009,-92.508333332919,1584
"848",-72.4916666663009,-84.174999999578,1356
"849",-72.4916666663009,-75.8416666662369,1850
"850",-72.4916666663009,-67.5083333328959,3021
"851",-72.4916666663009,-59.1749999995548,2325
"852",-72.4916666663009,-50.8416666662138,39
"853",-72.4916666663009,-42.5083333328728,0
"854",-72.4916666663009,-34.1749999995317,101
"855",-72.4916666663009,-25.8416666661907,1568
"856",-72.4916666663009,-17.5083333328496,2014
"857",-72.4916666663009,-9.17499999950857,2783
"858",-72.4916666663009,-0.841666666167527,3024
"859",-72.4916666663009,7.49166666717352,3391
"860",-72.4916666663009,15.8250000005146,3569
"861",-72.4916666663009,24.1583333338556,3693
"862",-72.4916666663009,32.4916666671967,3753
"863",-72.4916666663009,40.8250000005377,3766
"864",-72.4916666663009,49.1583333338787,3651
"865",-72.4916666663009,57.4916666672198,3326
"866",-72.4916666663009,65.8250000005608,2754
"867",-72.4916666663009,74.1583333339019,2947
"868",-72.4916666663009,82.491666667243,3500
"869",-72.4916666663009,90.8250000005839,3759
"870",-72.4916666663009,99.158333333925,3757
"871",-72.4916666663009,107.491666667266,3531
"872",-72.4916666663009,115.825000000607,3332
"873",-72.4916666663009,124.158333333948,3231
"874",-72.4916666663009,132.491666667289,3139
"875",-72.4916666663009,140.82500000063,2795
"876",-72.4916666663009,149.158333333971,2495
"877",-72.4916666663009,157.491666667312,2750
"878",-72.4916666663009,165.825000000653,3740
"879",-72.4916666663009,174.158333333994,2037
"880",-72.4916666663009,182.491666667335,0
"881",-80.8249999996496,-175.841666666329,3870
"882",-80.8249999996496,-167.508333332988,2295
"883",-80.8249999996496,-159.174999999647,756
"884",-80.8249999996496,-150.841666666306,1039
"885",-80.8249999996496,-142.508333332965,1877
"886",-80.8249999996496,-134.174999999624,2158
"887",-80.8249999996496,-125.841666666283,3687
"888",-80.8249999996496,-117.508333332942,3500
"889",-80.8249999996496,-109.174999999601,2709
"890",-80.8249999996496,-100.84166666626,2407
"891",-80.8249999996496,-92.508333332919,2346
"892",-80.8249999996496,-84.174999999578,4763
"893",-80.8249999996496,-75.8416666662369,1330
"894",-80.8249999996496,-67.5083333328959,2010
"895",-80.8249999996496,-59.1749999995548,1653
"896",-80.8249999996496,-50.8416666662138,2000
"897",-80.8249999996496,-42.5083333328728,1785
"898",-80.8249999996496,-34.1749999995317,2030
"899",-80.8249999996496,-25.8416666661907,2206
"900",-80.8249999996496,-17.5083333328496,2383
"901",-80.8249999996496,-9.17499999950857,2506
"902",-80.8249999996496,-0.841666666167527,2863
"903",-80.8249999996496,7.49166666717352,3240
"904",-80.8249999996496,15.8250000005146,3467
"905",-80.8249999996496,24.1583333338556,3688
"906",-80.8249999996496,32.4916666671967,3779
"907",-80.8249999996496,40.8250000005377,3800
"908",-80.8249999996496,49.1583333338787,3790
"909",-80.8249999996496,57.4916666672198,3877
"910",-80.8249999996496,65.8250000005608,3996
"911",-80.8249999996496,74.1583333339019,4090
"912",-80.8249999996496,82.491666667243,4070
"913",-80.8249999996496,90.8250000005839,3873
"914",-80.8249999996496,99.158333333925,3786
"915",-80.8249999996496,107.491666667266,3552
"916",-80.8249999996496,115.825000000607,3371
"917",-80.8249999996496,124.158333333948,3169
"918",-80.8249999996496,132.491666667289,3037
"919",-80.8249999996496,140.82500000063,2766
"920",-80.8249999996496,149.158333333971,2679
"921",-80.8249999996496,157.491666667312,4128
"922",-80.8249999996496,165.825000000653,4305
"923",-80.8249999996496,174.158333333994,4137
"924",-80.8249999996496,182.491666667335,2793
"925",-89.1583333329984,-175.841666666329,3943
"926",-89.1583333329984,-167.508333332988,4003
"927",-89.1583333329984,-159.174999999647,3878
"928",-89.1583333329984,-150.841666666306,3225
"929",-89.1583333329984,-142.508333332965,3279
"930",-89.1583333329984,-134.174999999624,3367
"931",-89.1583333329984,-125.841666666283,3710
"932",-89.1583333329984,-117.508333332942,2874
"933",-89.1583333329984,-109.174999999601,2821
"934",-89.1583333329984,-100.84166666626,2770
"935",-89.1583333329984,-92.508333332919,2745
"936",-89.1583333329984,-84.174999999578,2745
"937",-89.1583333329984,-75.8416666662369,2745
"938",-89.1583333329984,-67.5083333328959,2745
"939",-89.1583333329984,-59.1749999995548,2745
"940",-89.1583333329984,-50.8416666662138,2745
"941",-89.1583333329984,-42.5083333328728,2745
"942",-89.1583333329984,-34.1749999995317,2745
"943",-89.1583333329984,-25.8416666661907,2745
"944",-89.1583333329984,-17.5083333328496,2745
"945",-89.1583333329984,-9.17499999950857,2747
"946",-89.1583333329984,-0.841666666167527,2750
"947",-89.1583333329984,7.49166666717352,2758
"948",-89.1583333329984,15.8250000005146,2769
"949",-89.1583333329984,24.1583333338556,2829
"950",-89.1583333329984,32.4916666671967,3054
"951",-89.1583333329984,40.8250000005377,3285
"952",-89.1583333329984,49.1583333338787,3353
"953",-89.1583333329984,57.4916666672198,3401
"954",-89.1583333329984,65.8250000005608,3430
"955",-89.1583333329984,74.1583333339019,3430
"956",-89.1583333329984,82.491666667243,3396
"957",-89.1583333329984,90.8250000005839,3327
"958",-89.1583333329984,99.158333333925,3258
"959",-89.1583333329984,107.491666667266,3173
"960",-89.1583333329984,115.825000000607,3075
"961",-89.1583333329984,124.158333333948,3042
"962",-89.1583333329984,132.491666667289,3065
"963",-89.1583333329984,140.82500000063,3077
"964",-89.1583333329984,149.158333333971,3091
"965",-89.1583333329984,157.491666667312,3092
"966",-89.1583333329984,165.825000000653,3287
"967",-89.1583333329984,174.158333333994,3466
"968",-89.1583333329984,182.491666667335,3099
"1100",85.8416666673256,-175.841666666329,-4324
"2100",85.8416666673256,-167.508333332988,-4284
"3100",85.8416666673256,-159.174999999647,-4230
"4100",85.8416666673256,-150.841666666306,-4230
"5100",85.8416666673256,-142.508333332965,-4230
"6100",85.8416666673256,-134.174999999624,-4234
"7100",85.8416666673256,-125.841666666283,-4236
"8100",85.8416666673256,-117.508333332942,-4246
"969",85.8416666673256,-109.174999999601,-4236
"1010",85.8416666673256,-100.84166666626,-4238
"1110",85.8416666673256,-92.508333332919,-4240
"1210",85.8416666673256,-84.174999999578,-4239
"1310",85.8416666673256,-75.8416666662369,-4253
"1410",85.8416666673256,-67.5083333328959,-4274
"1510",85.8416666673256,-59.1749999995548,-4259
"1610",85.8416666673256,-50.8416666662138,-4228
"1710",85.8416666673256,-42.5083333328728,-4228
"1810",85.8416666673256,-34.1749999995317,-4228
"1910",85.8416666673256,-25.8416666661907,-4244
"2010",85.8416666673256,-17.5083333328496,-4323
"2110",85.8416666673256,-9.17499999950857,-4824
"2210",85.8416666673256,-0.841666666167527,-5106
"2310",85.8416666673256,7.49166666717352,-5270
"2410",85.8416666673256,15.8250000005146,-5160
"2510",85.8416666673256,24.1583333338556,-5125
"2610",85.8416666673256,32.4916666671967,-5097
"2710",85.8416666673256,40.8250000005377,-5189
"2810",85.8416666673256,49.1583333338787,-5148
"2910",85.8416666673256,57.4916666672198,-4848
"3010",85.8416666673256,65.8250000005608,-4968
"3110",85.8416666673256,74.1583333339019,-4425
"3210",85.8416666673256,82.491666667243,-4447
"3310",85.8416666673256,90.8250000005839,-4463
"3410",85.8416666673256,99.158333333925,-4456
"3510",85.8416666673256,107.491666667266,-4429
"3610",85.8416666673256,115.825000000607,-5170
"3710",85.8416666673256,124.158333333948,-5073
"3810",85.8416666673256,132.491666667289,-4334
"3910",85.8416666673256,140.82500000063,-4364
"4010",85.8416666673256,149.158333333971,-4372
"4110",85.8416666673256,157.491666667312,-4372
"4210",85.8416666673256,165.825000000653,-4277
"4310",85.8416666673256,174.158333333994,-4318
"4410",85.8416666673256,182.491666667335,-4323
"4510",77.5083333339769,-175.841666666329,-3328
"4610",77.5083333339769,-167.508333332988,-3821
"4710",77.5083333339769,-159.174999999647,-3894
"4810",77.5083333339769,-150.841666666306,-3932
"4910",77.5083333339769,-142.508333332965,-3809
"5010",77.5083333339769,-134.174999999624,-3714
"5110",77.5083333339769,-125.841666666283,-3607
"5210",77.5083333339769,-117.508333332942,-3308
"5310",77.5083333339769,-109.174999999601,-2770
"5410",77.5083333339769,-100.84166666626,-1767
"5510",77.5083333339769,-92.508333332919,-855
"5610",77.5083333339769,-84.174999999578,-846
"5710",77.5083333339769,-75.8416666662369,-1163
"5810",77.5083333339769,-67.5083333328959,-2387
"5910",77.5083333339769,-59.1749999995548,-1095
"6010",77.5083333339769,-50.8416666662138,-94
"6110",77.5083333339769,-42.5083333328728,-63
"6210",77.5083333339769,-34.1749999995317,-32
"6310",77.5083333339769,-25.8416666661907,-525
"6410",77.5083333339769,-17.5083333328496,-2601
"6510",77.5083333339769,-9.17499999950857,-3601
"6610",77.5083333339769,-0.841666666167527,-5574
"6710",77.5083333339769,7.49166666717352,-5231
"6810",77.5083333339769,15.8250000005146,-2943
"6910",77.5083333339769,24.1583333338556,-3111
"7010",77.5083333339769,32.4916666671967,-2443
"7110",77.5083333339769,40.8250000005377,-540
"7210",77.5083333339769,49.1583333338787,-582
"7310",77.5083333339769,57.4916666672198,-556
"7410",77.5083333339769,65.8250000005608,-654
"7510",77.5083333339769,74.1583333339019,-654
"7610",77.5083333339769,82.491666667243,-404
"7710",77.5083333339769,90.8250000005839,-404
"7810",77.5083333339769,99.158333333925,-2858
"7910",77.5083333339769,107.491666667266,-3278
"8010",77.5083333339769,115.825000000607,-5202
"8110",77.5083333339769,124.158333333948,-5252
"8210",77.5083333339769,132.491666667289,-3980
"8310",77.5083333339769,140.82500000063,-3483
"8410",77.5083333339769,149.158333333971,-2690
"8510",77.5083333339769,157.491666667312,-3014
"8610",77.5083333339769,165.825000000653,-2815
"8710",77.5083333339769,174.158333333994,-2786
"8810",77.5083333339769,182.491666667335,-2374
"8910",69.1750000006281,-175.841666666329,-149
"9010",69.1750000006281,-167.508333332988,-108
"9110",69.1750000006281,-159.174999999647,-3663
"9210",69.1750000006281,-150.841666666306,-3892
"9310",69.1750000006281,-142.508333332965,-3656
"9410",69.1750000006281,-134.174999999624,-3113
"9510",69.1750000006281,-125.841666666283,-1731
"9610",69.1750000006281,-117.508333332942,-518
"971",69.1750000006281,-109.174999999601,-380
"981",69.1750000006281,-100.84166666626,-358
"991",69.1750000006281,-92.508333332919,-485
"1001",69.1750000006281,-84.174999999578,-822
"1011",69.1750000006281,-75.8416666662369,-1195
"1021",69.1750000006281,-67.5083333328959,-2374
"1031",69.1750000006281,-59.1749999995548,-2247
"1041",69.1750000006281,-50.8416666662138,-1080
"1051",69.1750000006281,-42.5083333328728,-762
"1061",69.1750000006281,-34.1749999995317,-2037
"1071",69.1750000006281,-25.8416666661907,-2019
"1081",69.1750000006281,-17.5083333328496,-2608
"1091",69.1750000006281,-9.17499999950857,-3888
"1101",69.1750000006281,-0.841666666167527,-3892
"1111",69.1750000006281,7.49166666717352,-3460
"1121",69.1750000006281,15.8250000005146,-2929
"1131",69.1750000006281,24.1583333338556,-470
"1141",69.1750000006281,32.4916666671967,-433
"1151",69.1750000006281,40.8250000005377,-1422
"1161",69.1750000006281,49.1583333338787,-341
"1171",69.1750000006281,57.4916666672198,-434
"1181",69.1750000006281,65.8250000005608,-218
"1191",69.1750000006281,74.1583333339019,-27
"1201",69.1750000006281,82.491666667243,-20
"1231",69.1750000006281,107.491666667266,-11
"1241",69.1750000006281,115.825000000607,-13
"1251",69.1750000006281,124.158333333948,-15
"1261",69.1750000006281,132.491666667289,-27
"1271",69.1750000006281,140.82500000063,-27
"1281",69.1750000006281,149.158333333971,-25
"1291",69.1750000006281,157.491666667312,-35
"1301",69.1750000006281,165.825000000653,-49
"1311",69.1750000006281,174.158333333994,-54
"1321",69.1750000006281,182.491666667335,-73
"1331",60.8416666672793,-175.841666666329,-3906
"1341",60.8416666672793,-167.508333332988,-221
"1351",60.8416666672793,-159.174999999647,-317
"1361",60.8416666672793,-150.841666666306,-5198
"1371",60.8416666672793,-142.508333332965,-4951
"1381",60.8416666672793,-134.174999999624,-3121
"1431",60.8416666672793,-92.508333332919,-203
"1441",60.8416666672793,-84.174999999578,-479
"1451",60.8416666672793,-75.8416666662369,-513
"1461",60.8416666672793,-67.5083333328959,-928
"1471",60.8416666672793,-59.1749999995548,-3412
"1481",60.8416666672793,-50.8416666662138,-3775
"1491",60.8416666672793,-42.5083333328728,-3942
"1501",60.8416666672793,-34.1749999995317,-3431
"1511",60.8416666672793,-25.8416666661907,-3230
"1521",60.8416666672793,-17.5083333328496,-3212
"1531",60.8416666672793,-9.17499999950857,-4068
"1541",60.8416666672793,-0.841666666167527,-3584
"1551",60.8416666672793,7.49166666717352,-2216
"1561",60.8416666672793,15.8250000005146,-392
"1571",60.8416666672793,24.1583333338556,-241
"1581",60.8416666672793,32.4916666671967,-59
"1591",60.8416666672793,40.8250000005377,-67
"1711",60.8416666672793,140.82500000063,-372
"1721",60.8416666672793,149.158333333971,-914
"1731",60.8416666672793,157.491666667312,-982
"1741",60.8416666672793,165.825000000653,-5936
"1751",60.8416666672793,174.158333333994,-3932
"1761",60.8416666672793,182.491666667335,-3856
"1771",52.5083333339306,-175.841666666329,-7649
"1781",52.5083333339306,-167.508333332988,-7341
"1791",52.5083333339306,-159.174999999647,-7000
"1801",52.5083333339306,-150.841666666306,-5762
"1811",52.5083333339306,-142.508333332965,-4988
"1821",52.5083333339306,-134.174999999624,-4302
"1831",52.5083333339306,-125.841666666283,-3207
"1871",52.5083333339306,-92.508333332919,-11
"1881",52.5083333339306,-84.174999999578,-168
"1891",52.5083333339306,-75.8416666662369,-207
"1901",52.5083333339306,-67.5083333328959,-389
"1911",52.5083333339306,-59.1749999995548,-3083
"1921",52.5083333339306,-50.8416666662138,-4305
"1931",52.5083333339306,-42.5083333328728,-4693
"1941",52.5083333339306,-34.1749999995317,-4936
"1951",52.5083333339306,-25.8416666661907,-4524
"1961",52.5083333339306,-17.5083333328496,-5084
"1971",52.5083333339306,-9.17499999950857,-4464
"1981",52.5083333339306,-0.841666666167527,-191
"1991",52.5083333339306,7.49166666717352,-164
"2001",52.5083333339306,15.8250000005146,-150
"2011",52.5083333339306,24.1583333338556,-144
"2021",52.5083333339306,32.4916666671967,-69
"2031",52.5083333339306,40.8250000005377,-18
"2041",52.5083333339306,49.1583333338787,-58
"2061",52.5083333339306,65.8250000005608,-16
"2141",52.5083333339306,132.491666667289,-38
"2151",52.5083333339306,140.82500000063,-1655
"2161",52.5083333339306,149.158333333971,-3601
"2171",52.5083333339306,157.491666667312,-8480
"2181",52.5083333339306,165.825000000653,-7822
"2191",52.5083333339306,174.158333333994,-7384
"2201",52.5083333339306,182.491666667335,-7386
"2211",44.1750000005818,-175.841666666329,-8031
"2221",44.1750000005818,-167.508333332988,-7000
"2231",44.1750000005818,-159.174999999647,-6366
"2241",44.1750000005818,-150.841666666306,-5987
"2251",44.1750000005818,-142.508333332965,-6276
"2261",44.1750000005818,-134.174999999624,-5139
"2271",44.1750000005818,-125.841666666283,-4796
"2281",44.1750000005818,-117.508333332942,-4
"2311",44.1750000005818,-92.508333332919,-97
"2321",44.1750000005818,-84.174999999578,-207
"2331",44.1750000005818,-75.8416666662369,-152
"2341",44.1750000005818,-67.5083333328959,-4856
"2351",44.1750000005818,-59.1749999995548,-5258
"2361",44.1750000005818,-50.8416666662138,-5714
"2371",44.1750000005818,-42.5083333328728,-5216
"2381",44.1750000005818,-34.1749999995317,-5086
"2391",44.1750000005818,-25.8416666661907,-4752
"2401",44.1750000005818,-17.5083333328496,-6374
"2411",44.1750000005818,-9.17499999950857,-5464
"2421",44.1750000005818,-0.841666666167527,-5023
"2431",44.1750000005818,7.49166666717352,-3410
"2441",44.1750000005818,15.8250000005146,-3645
"2451",44.1750000005818,24.1583333338556,-1539
"2461",44.1750000005818,32.4916666671967,-2537
"2471",44.1750000005818,40.8250000005377,-2588
"2481",44.1750000005818,49.1583333338787,-816
"2491",44.1750000005818,57.4916666672198,-72
"2501",44.1750000005818,65.8250000005608,-15
"2531",44.1750000005818,90.8250000005839,-155
"2561",44.1750000005818,115.825000000607,-5
"2571",44.1750000005818,124.158333333948,-126
"2581",44.1750000005818,132.491666667289,-3835
"2591",44.1750000005818,140.82500000063,-7650
"2601",44.1750000005818,149.158333333971,-9504
"2611",44.1750000005818,157.491666667312,-8601
"2621",44.1750000005818,165.825000000653,-6884
"2631",44.1750000005818,174.158333333994,-8258
"2641",44.1750000005818,182.491666667335,-7231
"2651",35.841666667233,-175.841666666329,-8383
"2661",35.841666667233,-167.508333332988,-7751
"2671",35.841666667233,-159.174999999647,-8222
"2681",35.841666667233,-150.841666666306,-6624
"2691",35.841666667233,-142.508333332965,-6534
"2701",35.841666667233,-134.174999999624,-5959
"2711",35.841666667233,-125.841666666283,-5150
"2721",35.841666667233,-117.508333332942,-4690
"2761",35.841666667233,-84.174999999578,-40
"2771",35.841666667233,-75.8416666662369,-5425
"2781",35.841666667233,-67.5083333328959,-5670
"2791",35.841666667233,-59.1749999995548,-6053
"2801",35.841666667233,-50.8416666662138,-6235
"2811",35.841666667233,-42.5083333328728,-5895
"2821",35.841666667233,-34.1749999995317,-5142
"2831",35.841666667233,-25.8416666661907,-5885
"2841",35.841666667233,-17.5083333328496,-5929
"2851",35.841666667233,-9.17499999950857,-5556
"2861",35.841666667233,-0.841666666167527,-2946
"2871",35.841666667233,7.49166666717352,-3381
"2881",35.841666667233,15.8250000005146,-4164
"2891",35.841666667233,24.1583333338556,-5119
"2901",35.841666667233,32.4916666671967,-4468
"2921",35.841666667233,49.1583333338787,-1034
"2931",35.841666667233,57.4916666672198,-63
"3001",35.841666667233,115.825000000607,-51
"3011",35.841666667233,124.158333333948,-1075
"3021",35.841666667233,132.491666667289,-4901
"3031",35.841666667233,140.82500000063,-9491
"3041",35.841666667233,149.158333333971,-6501
"3051",35.841666667233,157.491666667312,-7142
"3061",35.841666667233,165.825000000653,-6616
"3071",35.841666667233,174.158333333994,-6557
"3081",35.841666667233,182.491666667335,-5839
"3091",27.5083333338843,-175.841666666329,-6570
"3101",27.5083333338843,-167.508333332988,-6053
"3111",27.5083333338843,-159.174999999647,-6687
"3121",27.5083333338843,-150.841666666306,-6648
"3131",27.5083333338843,-142.508333332965,-6499
"3141",27.5083333338843,-134.174999999624,-5698
"3151",27.5083333338843,-125.841666666283,-5475
"3161",27.5083333338843,-117.508333332942,-4941
"3171",27.5083333338843,-109.174999999601,-3849
"3181",27.5083333338843,-100.84166666626,-1850
"3191",27.5083333338843,-92.508333332919,-4008
"3201",27.5083333338843,-84.174999999578,-3620
"3211",27.5083333338843,-75.8416666662369,-5854
"3221",27.5083333338843,-67.5083333328959,-6132
"3231",27.5083333338843,-59.1749999995548,-6954
"3241",27.5083333338843,-50.8416666662138,-6849
"3251",27.5083333338843,-42.5083333328728,-6422
"3261",27.5083333338843,-34.1749999995317,-7321
"3271",27.5083333338843,-25.8416666661907,-6370
"3281",27.5083333338843,-17.5083333328496,-5036
"3291",27.5083333338843,-9.17499999950857,-3727
"3321",27.5083333338843,15.8250000005146,-1319
"3331",27.5083333338843,24.1583333338556,-2681
"3341",27.5083333338843,32.4916666671967,-2280
"3351",27.5083333338843,40.8250000005377,-1707
"3361",27.5083333338843,49.1583333338787,-93
"3371",27.5083333338843,57.4916666672198,-3549
"3381",27.5083333338843,65.8250000005608,-3990
"3391",27.5083333338843,74.1583333339019,-43
"3411",27.5083333338843,90.8250000005839,-38
"3441",27.5083333338843,115.825000000607,-130
"3451",27.5083333338843,124.158333333948,-7439
"3461",27.5083333338843,132.491666667289,-7412
"3471",27.5083333338843,140.82500000063,-9789
"3481",27.5083333338843,149.158333333971,-6451
"3491",27.5083333338843,157.491666667312,-7550
"3501",27.5083333338843,165.825000000653,-7457
"3511",27.5083333338843,174.158333333994,-7917
"3521",27.5083333338843,182.491666667335,-6025
"3531",19.1750000005355,-175.841666666329,-6402
"3541",19.1750000005355,-167.508333332988,-6200
"3551",19.1750000005355,-159.174999999647,-6551
"3561",19.1750000005355,-150.841666666306,-6438
"3571",19.1750000005355,-142.508333332965,-6580
"3581",19.1750000005355,-134.174999999624,-6131
"3591",19.1750000005355,-125.841666666283,-6027
"3601",19.1750000005355,-117.508333332942,-4768
"3611",19.1750000005355,-109.174999999601,-5808
"3621",19.1750000005355,-100.84166666626,-5636
"3631",19.1750000005355,-92.508333332919,-5794
"3641",19.1750000005355,-84.174999999578,-7243
"3651",19.1750000005355,-75.8416666662369,-8239
"3661",19.1750000005355,-67.5083333328959,-8497
"3671",19.1750000005355,-59.1749999995548,-7812
"3681",19.1750000005355,-50.8416666662138,-6646
"3691",19.1750000005355,-42.5083333328728,-6833
"3701",19.1750000005355,-34.1749999995317,-7085
"3711",19.1750000005355,-25.8416666661907,-6318
"3721",19.1750000005355,-17.5083333328496,-4517
"3781",19.1750000005355,32.4916666671967,-1015
"3791",19.1750000005355,40.8250000005377,-2756
"3801",19.1750000005355,49.1583333338787,-2706
"3811",19.1750000005355,57.4916666672198,-5115
"3821",19.1750000005355,65.8250000005608,-4398
"3831",19.1750000005355,74.1583333339019,-3879
"3841",19.1750000005355,82.491666667243,-3258
"3851",19.1750000005355,90.8250000005839,-2918
"3861",19.1750000005355,99.158333333925,-111
"3871",19.1750000005355,107.491666667266,-2214
"3881",19.1750000005355,115.825000000607,-5106
"3891",19.1750000005355,124.158333333948,-7208
"3901",19.1750000005355,132.491666667289,-7795
"3911",19.1750000005355,140.82500000063,-7409
"3921",19.1750000005355,149.158333333971,-8632
"3931",19.1750000005355,157.491666667312,-6525
"3941",19.1750000005355,165.825000000653,-6314
"3951",19.1750000005355,174.158333333994,-6167
"3961",19.1750000005355,182.491666667335,-5957
"3971",10.8416666671867,-175.841666666329,-6689
"3981",10.8416666671867,-167.508333332988,-6439
"3991",10.8416666671867,-159.174999999647,-6313
"4001",10.8416666671867,-150.841666666306,-6604
"4011",10.8416666671867,-142.508333332965,-6495
"4021",10.8416666671867,-134.174999999624,-5453
"4031",10.8416666671867,-125.841666666283,-5527
"4041",10.8416666671867,-117.508333332942,-5186
"4051",10.8416666671867,-109.174999999601,-5988
"4061",10.8416666671867,-100.84166666626,-5134
"4071",10.8416666671867,-92.508333332919,-6644
"4081",10.8416666671867,-84.174999999578,-5614
"4091",10.8416666671867,-75.8416666662369,-4400
"4101",10.8416666671867,-67.5083333328959,-5270
"4111",10.8416666671867,-59.1749999995548,-5691
"4121",10.8416666671867,-50.8416666662138,-5657
"4131",10.8416666671867,-42.5083333328728,-6077
"4141",10.8416666671867,-34.1749999995317,-6970
"4151",10.8416666671867,-25.8416666661907,-6282
"4161",10.8416666671867,-17.5083333328496,-5532
"4171",10.8416666671867,-9.17499999950857,-4155
"4231",10.8416666671867,40.8250000005377,-1614
"4241",10.8416666671867,49.1583333338787,-5445
"4251",10.8416666671867,57.4916666672198,-5608
"4261",10.8416666671867,65.8250000005608,-5252
"4271",10.8416666671867,74.1583333339019,-4767
"4281",10.8416666671867,82.491666667243,-4306
"4291",10.8416666671867,90.8250000005839,-4620
"4301",10.8416666671867,99.158333333925,-3571
"4311",10.8416666671867,107.491666667266,-4496
"4321",10.8416666671867,115.825000000607,-5132
"4331",10.8416666671867,124.158333333948,-9848
"4341",10.8416666671867,132.491666667289,-8056
"4351",10.8416666671867,140.82500000063,-10898
"4361",10.8416666671867,149.158333333971,-10380
"4371",10.8416666671867,157.491666667312,-6756
"4381",10.8416666671867,165.825000000653,-6013
"4391",10.8416666671867,174.158333333994,-6829
"4401",10.8416666671867,182.491666667335,-6810
"4411",2.50833333383798,-175.841666666329,-6434
"4421",2.50833333383798,-167.508333332988,-8260
"4431",2.50833333383798,-159.174999999647,-5962
"4441",2.50833333383798,-150.841666666306,-5674
"4451",2.50833333383798,-142.508333332965,-5431
"4461",2.50833333383798,-134.174999999624,-5296
"4471",2.50833333383798,-125.841666666283,-5716
"4481",2.50833333383798,-117.508333332942,-5189
"4491",2.50833333383798,-109.174999999601,-5468
"4501",2.50833333383798,-100.84166666626,-5220
"4511",2.50833333383798,-92.508333332919,-4184
"4521",2.50833333383798,-84.174999999578,-5172
"4531",2.50833333383798,-75.8416666662369,-5012
"4551",2.50833333383798,-59.1749999995548,-49
"4561",2.50833333383798,-50.8416666662138,-4102
"4571",2.50833333383798,-42.5083333328728,-5112
"4581",2.50833333383798,-34.1749999995317,-5166
"4591",2.50833333383798,-25.8416666661907,-5944
"4601",2.50833333383798,-17.5083333328496,-7830
"4611",2.50833333383798,-9.17499999950857,-5912
"4621",2.50833333383798,-0.841666666167527,-5518
"4631",2.50833333383798,7.49166666717352,-4469
"4671",2.50833333383798,40.8250000005377,-4102
"4681",2.50833333383798,49.1583333338787,-5387
"4691",2.50833333383798,57.4916666672198,-5826
"4701",2.50833333383798,65.8250000005608,-5398
"4711",2.50833333383798,74.1583333339019,-5140
"4721",2.50833333383798,82.491666667243,-5023
"4731",2.50833333383798,90.8250000005839,-5294
"4741",2.50833333383798,99.158333333925,-5745
"4751",2.50833333383798,107.491666667266,-1979
"4761",2.50833333383798,115.825000000607,-5435
"4771",2.50833333383798,124.158333333948,-9525
"4781",2.50833333383798,132.491666667289,-7590
"4791",2.50833333383798,140.82500000063,-5768
"4801",2.50833333383798,149.158333333971,-7229
"4811",2.50833333383798,157.491666667312,-5400
"4821",2.50833333383798,165.825000000653,-5167
"4831",2.50833333383798,174.158333333994,-6728
"4841",2.50833333383798,182.491666667335,-6547
"4851",-5.82499999951078,-175.841666666329,-7081
"4861",-5.82499999951078,-167.508333332988,-6583
"4871",-5.82499999951078,-159.174999999647,-6674
"4881",-5.82499999951078,-150.841666666306,-6059
"4891",-5.82499999951078,-142.508333332965,-5572
"4901",-5.82499999951078,-134.174999999624,-5461
"4911",-5.82499999951078,-125.841666666283,-5781
"4921",-5.82499999951078,-117.508333332942,-5642
"4931",-5.82499999951078,-109.174999999601,-5090
"4941",-5.82499999951078,-100.84166666626,-5723
"4951",-5.82499999951078,-92.508333332919,-5145
"4961",-5.82499999951078,-84.174999999578,-6368
"4971",-5.82499999951078,-75.8416666662369,-4655
"5001",-5.82499999951078,-50.8416666662138,-45
"5011",-5.82499999951078,-42.5083333328728,-3651
"5021",-5.82499999951078,-34.1749999995317,-5625
"5031",-5.82499999951078,-25.8416666661907,-6670
"5041",-5.82499999951078,-17.5083333328496,-6319
"5051",-5.82499999951078,-9.17499999950857,-5785
"5061",-5.82499999951078,-0.841666666167527,-6081
"5071",-5.82499999951078,7.49166666717352,-5773
"5081",-5.82499999951078,15.8250000005146,-2378
"5111",-5.82499999951078,40.8250000005377,-4606
"5121",-5.82499999951078,49.1583333338787,-5859
"5131",-5.82499999951078,57.4916666672198,-5506
"5141",-5.82499999951078,65.8250000005608,-6457
"5151",-5.82499999951078,74.1583333339019,-5991
"5161",-5.82499999951078,82.491666667243,-5962
"5171",-5.82499999951078,90.8250000005839,-6161
"5181",-5.82499999951078,99.158333333925,-6504
"5191",-5.82499999951078,107.491666667266,-7164
"5201",-5.82499999951078,115.825000000607,-5020
"5211",-5.82499999951078,124.158333333948,-6463
"5221",-5.82499999951078,132.491666667289,-7356
"5231",-5.82499999951078,140.82500000063,-4283
"5241",-5.82499999951078,149.158333333971,-8193
"5251",-5.82499999951078,157.491666667312,-8859
"5261",-5.82499999951078,165.825000000653,-6174
"5271",-5.82499999951078,174.158333333994,-6190
"5281",-5.82499999951078,182.491666667335,-6290
"5291",-14.1583333328595,-175.841666666329,-9075
"5301",-14.1583333328595,-167.508333332988,-6211
"5311",-14.1583333328595,-159.174999999647,-6237
"5321",-14.1583333328595,-150.841666666306,-5839
"5331",-14.1583333328595,-142.508333332965,-5406
"5341",-14.1583333328595,-134.174999999624,-4889
"5351",-14.1583333328595,-125.841666666283,-5091
"5361",-14.1583333328595,-117.508333332942,-5252
"5371",-14.1583333328595,-109.174999999601,-5783
"5381",-14.1583333328595,-100.84166666626,-6177
"5391",-14.1583333328595,-92.508333332919,-5622
"5401",-14.1583333328595,-84.174999999578,-6381
"5411",-14.1583333328595,-75.8416666662369,-7380
"5421",-14.1583333328595,-67.5083333328959,-1932
"5451",-14.1583333328595,-42.5083333328728,-2796
"5461",-14.1583333328595,-34.1749999995317,-5680
"5471",-14.1583333328595,-25.8416666661907,-6845
"5481",-14.1583333328595,-17.5083333328496,-5955
"5491",-14.1583333328595,-9.17499999950857,-5382
"5501",-14.1583333328595,-0.841666666167527,-6436
"5511",-14.1583333328595,7.49166666717352,-5733
"5521",-14.1583333328595,15.8250000005146,-3471
"5551",-14.1583333328595,40.8250000005377,-3867
"5561",-14.1583333328595,49.1583333338787,-5313
"5571",-14.1583333328595,57.4916666672198,-5272
"5581",-14.1583333328595,65.8250000005608,-5318
"5591",-14.1583333328595,74.1583333339019,-6369
"5601",-14.1583333328595,82.491666667243,-5973
"5611",-14.1583333328595,90.8250000005839,-6434
"5621",-14.1583333328595,99.158333333925,-7214
"5631",-14.1583333328595,107.491666667266,-7239
"5641",-14.1583333328595,115.825000000607,-7248
"5651",-14.1583333328595,124.158333333948,-5134
"5661",-14.1583333328595,132.491666667289,-218
"5671",-14.1583333328595,140.82500000063,-3320
"5681",-14.1583333328595,149.158333333971,-5392
"5691",-14.1583333328595,157.491666667312,-7035
"5701",-14.1583333328595,165.825000000653,-8769
"5711",-14.1583333328595,174.158333333994,-6176
"5721",-14.1583333328595,182.491666667335,-4911
"5731",-22.4916666662083,-175.841666666329,-10750
"5741",-22.4916666662083,-167.508333332988,-6558
"5751",-22.4916666662083,-159.174999999647,-5897
"5761",-22.4916666662083,-150.841666666306,-5736
"5771",-22.4916666662083,-142.508333332965,-5813
"5781",-22.4916666662083,-134.174999999624,-5024
"5791",-22.4916666662083,-125.841666666283,-5644
"5801",-22.4916666662083,-117.508333332942,-4589
"5811",-22.4916666662083,-109.174999999601,-5603
"5821",-22.4916666662083,-100.84166666626,-5157
"5831",-22.4916666662083,-92.508333332919,-5393
"5841",-22.4916666662083,-84.174999999578,-5168
"5851",-22.4916666662083,-75.8416666662369,-7427
"5861",-22.4916666662083,-67.5083333328959,-8094
"5881",-22.4916666662083,-50.8416666662138,-212
"5891",-22.4916666662083,-42.5083333328728,-4359
"5901",-22.4916666662083,-34.1749999995317,-5827
"5911",-22.4916666662083,-25.8416666661907,-6302
"5921",-22.4916666662083,-17.5083333328496,-5839
"5931",-22.4916666662083,-9.17499999950857,-5986
"5941",-22.4916666662083,-0.841666666167527,-6646
"5951",-22.4916666662083,7.49166666717352,-5765
"5961",-22.4916666662083,15.8250000005146,-4114
"5981",-22.4916666662083,32.4916666671967,-2686
"5991",-22.4916666662083,40.8250000005377,-4922
"6001",-22.4916666662083,49.1583333338787,-6034
"6011",-22.4916666662083,57.4916666672198,-6195
"6021",-22.4916666662083,65.8250000005608,-6538
"6031",-22.4916666662083,74.1583333339019,-6412
"6041",-22.4916666662083,82.491666667243,-5956
"6051",-22.4916666662083,90.8250000005839,-6711
"6061",-22.4916666662083,99.158333333925,-7898
"6071",-22.4916666662083,107.491666667266,-7028
"6081",-22.4916666662083,115.825000000607,-5285
"6091",-22.4916666662083,124.158333333948,-107
"6121",-22.4916666662083,149.158333333971,-2620
"6131",-22.4916666662083,157.491666667312,-5081
"6141",-22.4916666662083,165.825000000653,-7022
"6151",-22.4916666662083,174.158333333994,-7301
"6161",-22.4916666662083,182.491666667335,-4348
"6171",-30.8249999995571,-175.841666666329,-10007
"6181",-30.8249999995571,-167.508333332988,-6747
"6191",-30.8249999995571,-159.174999999647,-6466
"6201",-30.8249999995571,-150.841666666306,-6285
"6211",-30.8249999995571,-142.508333332965,-6063
"6221",-30.8249999995571,-134.174999999624,-5259
"6231",-30.8249999995571,-125.841666666283,-4990
"6241",-30.8249999995571,-117.508333332942,-4534
"6251",-30.8249999995571,-109.174999999601,-5361
"6261",-30.8249999995571,-100.84166666626,-4337
"6271",-30.8249999995571,-92.508333332919,-5201
"6281",-30.8249999995571,-84.174999999578,-4688
"6291",-30.8249999995571,-75.8416666662369,-7504
"6301",-30.8249999995571,-67.5083333328959,-7489
"6311",-30.8249999995571,-59.1749999995548,-23
"6321",-30.8249999995571,-50.8416666662138,-4823
"6331",-30.8249999995571,-42.5083333328728,-5203
"6341",-30.8249999995571,-34.1749999995317,-5869
"6351",-30.8249999995571,-25.8416666661907,-5967
"6361",-30.8249999995571,-17.5083333328496,-5676
"6371",-30.8249999995571,-9.17499999950857,-5062
"6381",-30.8249999995571,-0.841666666167527,-5801
"6391",-30.8249999995571,7.49166666717352,-5599
"6401",-30.8249999995571,15.8250000005146,-4936
"6411",-30.8249999995571,24.1583333338556,-4563
"6421",-30.8249999995571,32.4916666671967,-5685
"6431",-30.8249999995571,40.8250000005377,-5721
"6441",-30.8249999995571,49.1583333338787,-6148
"6451",-30.8249999995571,57.4916666672198,-6837
"6461",-30.8249999995571,65.8250000005608,-5993
"6471",-30.8249999995571,74.1583333339019,-5512
"6481",-30.8249999995571,82.491666667243,-5157
"6491",-30.8249999995571,90.8250000005839,-5479
"6501",-30.8249999995571,99.158333333925,-7299
"6511",-30.8249999995571,107.491666667266,-6939
"6521",-30.8249999995571,115.825000000607,-5717
"6531",-30.8249999995571,124.158333333948,-4994
"6541",-30.8249999995571,132.491666667289,-4660
"6551",-30.8249999995571,140.82500000063,-51
"6561",-30.8249999995571,149.158333333971,-5365
"6571",-30.8249999995571,157.491666667312,-5917
"6581",-30.8249999995571,165.825000000653,-4412
"6591",-30.8249999995571,174.158333333994,-5042
"6601",-30.8249999995571,182.491666667335,-4389
"6611",-39.1583333329058,-175.841666666329,-7815
"6621",-39.1583333329058,-167.508333332988,-6283
"6631",-39.1583333329058,-159.174999999647,-6039
"6641",-39.1583333329058,-150.841666666306,-6311
"6651",-39.1583333329058,-142.508333332965,-7169
"6661",-39.1583333329058,-134.174999999624,-7252
"6671",-39.1583333329058,-125.841666666283,-6535
"6681",-39.1583333329058,-117.508333332942,-5828
"6691",-39.1583333329058,-109.174999999601,-4884
"6701",-39.1583333329058,-100.84166666626,-7070
"6711",-39.1583333329058,-92.508333332919,-5873
"6721",-39.1583333329058,-84.174999999578,-5613
"6731",-39.1583333329058,-75.8416666662369,-5594
"6741",-39.1583333329058,-67.5083333328959,-198
"6751",-39.1583333329058,-59.1749999995548,-5381
"6761",-39.1583333329058,-50.8416666662138,-5936
"6771",-39.1583333329058,-42.5083333328728,-5486
"6781",-39.1583333329058,-34.1749999995317,-6018
"6791",-39.1583333329058,-25.8416666661907,-5012
"6801",-39.1583333329058,-17.5083333328496,-4846
"6811",-39.1583333329058,-9.17499999950857,-4625
"6821",-39.1583333329058,-0.841666666167527,-5599
"6831",-39.1583333329058,7.49166666717352,-6340
"6841",-39.1583333329058,15.8250000005146,-6057
"6851",-39.1583333329058,24.1583333338556,-5864
"6861",-39.1583333329058,32.4916666671967,-6180
"6871",-39.1583333329058,40.8250000005377,-5959
"6881",-39.1583333329058,49.1583333338787,-6238
"6891",-39.1583333329058,57.4916666672198,-5787
"6901",-39.1583333329058,65.8250000005608,-6062
"6911",-39.1583333329058,74.1583333339019,-5259
"6921",-39.1583333329058,82.491666667243,-4653
"6931",-39.1583333329058,90.8250000005839,-4752
"6941",-39.1583333329058,99.158333333925,-6457
"6951",-39.1583333329058,107.491666667266,-6697
"6961",-39.1583333329058,115.825000000607,-6650
"6971",-39.1583333329058,124.158333333948,-6792
"6981",-39.1583333329058,132.491666667289,-6340
"6991",-39.1583333329058,140.82500000063,-5817
"7001",-39.1583333329058,149.158333333971,-5297
"7011",-39.1583333329058,157.491666667312,-5670
"7021",-39.1583333329058,165.825000000653,-5224
"7031",-39.1583333329058,174.158333333994,-3762
"7041",-39.1583333329058,182.491666667335,-4622
"7051",-47.4916666662546,-175.841666666329,-6555
"7061",-47.4916666662546,-167.508333332988,-5839
"7071",-47.4916666662546,-159.174999999647,-6757
"7081",-47.4916666662546,-150.841666666306,-6134
"7091",-47.4916666662546,-142.508333332965,-5948
"7101",-47.4916666662546,-134.174999999624,-6710
"7111",-47.4916666662546,-125.841666666283,-5382
"7121",-47.4916666662546,-117.508333332942,-5118
"7131",-47.4916666662546,-109.174999999601,-5474
"7141",-47.4916666662546,-100.84166666626,-5473
"7151",-47.4916666662546,-92.508333332919,-5853
"7161",-47.4916666662546,-84.174999999578,-5927
"7171",-47.4916666662546,-75.8416666662369,-4848
"7181",-47.4916666662546,-67.5083333328959,-225
"7191",-47.4916666662546,-59.1749999995548,-5968
"7201",-47.4916666662546,-50.8416666662138,-6755
"7211",-47.4916666662546,-42.5083333328728,-6479
"7221",-47.4916666662546,-34.1749999995317,-6024
"7231",-47.4916666662546,-25.8416666661907,-5728
"7241",-47.4916666662546,-17.5083333328496,-5062
"7251",-47.4916666662546,-9.17499999950857,-4585
"7261",-47.4916666662546,-0.841666666167527,-5347
"7271",-47.4916666662546,7.49166666717352,-6011
"7281",-47.4916666662546,15.8250000005146,-6493
"7291",-47.4916666662546,24.1583333338556,-6331
"7301",-47.4916666662546,32.4916666671967,-6468
"7311",-47.4916666662546,40.8250000005377,-5326
"7321",-47.4916666662546,49.1583333338787,-5360
"7331",-47.4916666662546,57.4916666672198,-5516
"7341",-47.4916666662546,65.8250000005608,-5395
"7351",-47.4916666662546,74.1583333339019,-4422
"7361",-47.4916666662546,82.491666667243,-4490
"7371",-47.4916666662546,90.8250000005839,-4743
"7381",-47.4916666662546,99.158333333925,-4449
"7391",-47.4916666662546,107.491666667266,-5086
"7401",-47.4916666662546,115.825000000607,-5223
"7411",-47.4916666662546,124.158333333948,-6737
"7421",-47.4916666662546,132.491666667289,-6566
"7431",-47.4916666662546,140.82500000063,-5793
"7441",-47.4916666662546,149.158333333971,-5454
"7451",-47.4916666662546,157.491666667312,-5942
"7461",-47.4916666662546,165.825000000653,-6482
"7471",-47.4916666662546,174.158333333994,-5332
"7481",-47.4916666662546,182.491666667335,-6143
"7491",-55.8249999996033,-175.841666666329,-6764
"7501",-55.8249999996033,-167.508333332988,-5971
"7511",-55.8249999996033,-159.174999999647,-5613
"7521",-55.8249999996033,-150.841666666306,-5929
"7531",-55.8249999996033,-142.508333332965,-5687
"7541",-55.8249999996033,-134.174999999624,-5865
"7551",-55.8249999996033,-125.841666666283,-6246
"7561",-55.8249999996033,-117.508333332942,-6630
"7571",-55.8249999996033,-109.174999999601,-6124
"7581",-55.8249999996033,-100.84166666626,-6157
"7591",-55.8249999996033,-92.508333332919,-7922
"7601",-55.8249999996033,-84.174999999578,-6507
"7611",-55.8249999996033,-75.8416666662369,-5653
"7621",-55.8249999996033,-67.5083333328959,-5426
"7631",-55.8249999996033,-59.1749999995548,-5738
"7641",-55.8249999996033,-50.8416666662138,-5753
"7651",-55.8249999996033,-42.5083333328728,-5396
"7661",-55.8249999996033,-34.1749999995317,-7271
"7671",-55.8249999996033,-25.8416666661907,-8239
"7681",-55.8249999996033,-17.5083333328496,-5978
"7691",-55.8249999996033,-9.17499999950857,-6619
"7701",-55.8249999996033,-0.841666666167527,-5907
"7711",-55.8249999996033,7.49166666717352,-6576
"7721",-55.8249999996033,15.8250000005146,-6608
"7731",-55.8249999996033,24.1583333338556,-6618
"7741",-55.8249999996033,32.4916666671967,-6350
"7751",-55.8249999996033,40.8250000005377,-5764
"7761",-55.8249999996033,49.1583333338787,-5716
"7771",-55.8249999996033,57.4916666672198,-6131
"7781",-55.8249999996033,65.8250000005608,-5353
"7791",-55.8249999996033,74.1583333339019,-5116
"7801",-55.8249999996033,82.491666667243,-5443
"7811",-55.8249999996033,90.8250000005839,-5181
"7821",-55.8249999996033,99.158333333925,-4923
"7831",-55.8249999996033,107.491666667266,-4887
"7841",-55.8249999996033,115.825000000607,-5242
"7851",-55.8249999996033,124.158333333948,-5324
"7861",-55.8249999996033,132.491666667289,-4818
"7871",-55.8249999996033,140.82500000063,-4667
"7881",-55.8249999996033,149.158333333971,-4926
"7891",-55.8249999996033,157.491666667312,-6389
"7901",-55.8249999996033,165.825000000653,-6156
"7911",-55.8249999996033,174.158333333994,-6229
"7921",-55.8249999996033,182.491666667335,-5930
"7931",-64.1583333329521,-175.841666666329,-4923
"7941",-64.1583333329521,-167.508333332988,-5428
"7951",-64.1583333329521,-159.174999999647,-5120
"7961",-64.1583333329521,-150.841666666306,-5217
"7971",-64.1583333329521,-142.508333332965,-5135
"7981",-64.1583333329521,-134.174999999624,-5854
"7991",-64.1583333329521,-125.841666666283,-5897
"8001",-64.1583333329521,-117.508333332942,-5616
"8011",-64.1583333329521,-109.174999999601,-5756
"8021",-64.1583333329521,-100.84166666626,-5669
"8031",-64.1583333329521,-92.508333332919,-5634
"8041",-64.1583333329521,-84.174999999578,-5364
"8051",-64.1583333329521,-75.8416666662369,-5176
"8061",-64.1583333329521,-67.5083333328959,-4981
"8071",-64.1583333329521,-59.1749999995548,-5268
"8081",-64.1583333329521,-50.8416666662138,-5790
"8091",-64.1583333329521,-42.5083333328728,-6067
"8101",-64.1583333329521,-34.1749999995317,-5684
"8111",-64.1583333329521,-25.8416666661907,-7160
"8121",-64.1583333329521,-17.5083333328496,-6310
"8131",-64.1583333329521,-9.17499999950857,-6418
"8141",-64.1583333329521,-0.841666666167527,-5709
"8151",-64.1583333329521,7.49166666717352,-5909
"8161",-64.1583333329521,15.8250000005146,-5909
"8171",-64.1583333329521,24.1583333338556,-5681
"8181",-64.1583333329521,32.4916666671967,-5361
"8191",-64.1583333329521,40.8250000005377,-5500
"8201",-64.1583333329521,49.1583333338787,-5491
"8211",-64.1583333329521,57.4916666672198,-5336
"8221",-64.1583333329521,65.8250000005608,-4980
"8231",-64.1583333329521,74.1583333339019,-4665
"8241",-64.1583333329521,82.491666667243,-4614
"8251",-64.1583333329521,90.8250000005839,-4569
"8261",-64.1583333329521,99.158333333925,-5118
"8271",-64.1583333329521,107.491666667266,-4706
"8281",-64.1583333329521,115.825000000607,-4537
"8291",-64.1583333329521,124.158333333948,-4624
"8301",-64.1583333329521,132.491666667289,-4668
"8311",-64.1583333329521,140.82500000063,-4755
"8321",-64.1583333329521,149.158333333971,-4478
"8331",-64.1583333329521,157.491666667312,-4585
"8341",-64.1583333329521,165.825000000653,-5200
"8351",-64.1583333329521,174.158333333994,-5778
"8361",-64.1583333329521,182.491666667335,-5637
"8371",-72.4916666663009,-175.841666666329,-4529
"8381",-72.4916666663009,-167.508333332988,-5033
"8391",-72.4916666663009,-159.174999999647,-4968
"8401",-72.4916666663009,-150.841666666306,-5082
"8411",-72.4916666663009,-142.508333332965,-4627
"8421",-72.4916666663009,-134.174999999624,-4561
"8431",-72.4916666663009,-125.841666666283,-4560
"8441",-72.4916666663009,-117.508333332942,-4573
"8451",-72.4916666663009,-109.174999999601,-4464
"8461",-72.4916666663009,-100.84166666626,-4652
"8471",-72.4916666663009,-92.508333332919,-4609
"8481",-72.4916666663009,-84.174999999578,-4406
"8491",-72.4916666663009,-75.8416666662369,-3813
"8501",-72.4916666663009,-67.5083333328959,-1596
"8511",-72.4916666663009,-59.1749999995548,-2208
"8521",-72.4916666663009,-50.8416666662138,-3921
"8531",-72.4916666663009,-42.5083333328728,-4292
"8541",-72.4916666663009,-34.1749999995317,-4626
"8551",-72.4916666663009,-25.8416666661907,-4868
"8561",-72.4916666663009,-17.5083333328496,-5171
"8571",-72.4916666663009,-9.17499999950857,-5101
"8581",-72.4916666663009,-0.841666666167527,-4595
"8591",-72.4916666663009,7.49166666717352,-4016
"8601",-72.4916666663009,15.8250000005146,-4272
"8611",-72.4916666663009,24.1583333338556,-4100
"8621",-72.4916666663009,32.4916666671967,-3709
"8631",-72.4916666663009,40.8250000005377,-2124
"8661",-72.4916666663009,65.8250000005608,-18
"8671",-72.4916666663009,74.1583333339019,-2141
"8681",-72.4916666663009,82.491666667243,-346
"8761",-72.4916666663009,149.158333333971,-597
"8771",-72.4916666663009,157.491666667312,-2339
"8781",-72.4916666663009,165.825000000653,-3404
"8791",-72.4916666663009,174.158333333994,-3952
"8801",-72.4916666663009,182.491666667335,-3949
"8811",-80.8249999996496,-175.841666666329,-759
"8821",-80.8249999996496,-167.508333332988,-707
"8831",-80.8249999996496,-159.174999999647,-1253
"8841",-80.8249999996496,-150.841666666306,-1269
"8851",-80.8249999996496,-142.508333332965,-266
"8961",-80.8249999996496,-50.8416666662138,-353
"8971",-80.8249999996496,-42.5083333328728,-1393
"8981",-80.8249999996496,-34.1749999995317,-1317
"9211",-80.8249999996496,157.491666667312,-47
"9221",-80.8249999996496,165.825000000653,-1104
"9231",-80.8249999996496,174.158333333994,-899
"9241",-80.8249999996496,182.491666667335,-784
